{
  "criteria": {
    "requirement": {
      "trigger": "minecraft:any_block_use",
      "conditions": {
        "player": {
          "equipment": {
            "mainhand": {
              "items": "minecraft:stick",
              "components": {
                "minecraft:custom_data": {
                  "add.trade": true
                }
              }
            }
          }
        }
      }
    }
  },
  "rewards": {
    "function": "vg.xtabay:villagers/start_add_trade"
  }
}